comments,created_by,created_on,end_date_time,id,load_type,process_end_time,process_start_time,start_date_time,status,table_name
Forecasted Data,Gokarna Adhikari,2023-06-08T16:27:53.419+0000,2023-06-08T16:27:53.419+0000,af7d4399-37de-4e0e-8ccc-059be8f8d648,FACT,2023-06-08T16:27:53.419+0000,2023-06-08T16:27:53.418+0000,2023-06-08T16:27:53.419+0000,COMPLETED,fact_hourly_table
Forecasted Data,Gokarna Adhikari,2023-06-08T16:48:27.672+0000,2023-06-08T16:48:27.672+0000,3863499c-619c-4c67-b9c1-d7fb5b00f1a6,FACT,2023-06-08T16:48:27.672+0000,2023-06-08T16:48:27.672+0000,2023-06-08T16:48:27.672+0000,COMPLETED,fact_hourly_table
Forecasted Data,Gokarna Adhikari,2023-06-08T16:47:57.653+0000,2023-06-08T16:47:57.653+0000,989f65f8-cbac-47ae-9354-26c32c77c427,FACT,2023-06-08T16:47:57.653+0000,2023-06-08T16:47:57.653+0000,2023-06-08T16:47:57.653+0000,COMPLETED,fact_hourly_table
Forecasted Data,Gokarna Adhikari,2023-06-08T16:27:40.033+0000,2023-06-08T16:27:40.033+0000,55be7ce4-a9dc-4cde-9cfb-03e2cddfaceb,FACT,2023-06-08T16:27:40.033+0000,2023-06-08T16:27:40.033+0000,2023-06-08T16:27:40.033+0000,COMPLETED,fact_hourly_table
Forecasted Data,Gokarna Adhikari,2023-06-08T16:27:14.517+0000,2023-06-08T16:27:14.517+0000,bf230c9d-090d-4f60-b65d-4dd71dd9455c,FACT,2023-06-08T16:27:14.517+0000,2023-06-08T16:27:14.517+0000,2023-06-08T16:27:14.517+0000,COMPLETED,fact_hourly_table
Forecasted Data,Gokarna Adhikari,2023-06-08T16:36:10.732+0000,2023-06-08T16:36:10.732+0000,876a8ba3-612a-4e4d-808c-4928827709e1,FACT,2023-06-08T16:36:10.732+0000,2023-06-08T16:36:10.732+0000,2023-06-08T16:36:10.732+0000,COMPLETED,fact_hourly_table
Forecasted Data,Gokarna Adhikari,2023-06-08T16:27:26.911+0000,2023-06-08T16:27:26.911+0000,22a6e19f-548a-47f1-ba71-af2a0466c21e,FACT,2023-06-08T16:27:26.911+0000,2023-06-08T16:27:26.911+0000,2023-06-08T16:27:26.911+0000,COMPLETED,fact_hourly_table
Forecasted Data,Gokarna Adhikari,2023-06-08T16:47:40.404+0000,2023-06-08T16:47:40.404+0000,eda92593-756f-4138-94de-cc5415ac7056,FACT,2023-06-08T16:47:40.404+0000,2023-06-08T16:47:40.404+0000,2023-06-08T16:47:40.404+0000,COMPLETED,fact_hourly_table
Forecasted Data,Gokarna Adhikari,2023-06-08T16:35:13.111+0000,2023-06-08T16:35:13.111+0000,05ed10df-2b69-41a3-8cde-864c6f2accf6,FACT,2023-06-08T16:35:13.111+0000,2023-06-08T16:35:13.111+0000,2023-06-08T16:35:13.111+0000,COMPLETED,fact_hourly_table
Forecasted Data,Gokarna Adhikari,2023-06-08T16:35:49.278+0000,2023-06-08T16:35:49.278+0000,c7d320c5-a92e-41b6-8aca-b341956adc4e,FACT,2023-06-08T16:35:49.278+0000,2023-06-08T16:35:49.278+0000,2023-06-08T16:35:49.278+0000,COMPLETED,fact_hourly_table
Forecasted Data,Gokarna Adhikari,2023-06-08T16:48:12.749+0000,2023-06-08T16:48:12.749+0000,72407b7d-3286-4117-bccc-7c211b412db4,FACT,2023-06-08T16:48:12.749+0000,2023-06-08T16:48:12.749+0000,2023-06-08T16:48:12.749+0000,COMPLETED,fact_hourly_table
Forecasted Data,Gokarna Adhikari,2023-06-08T16:53:41.411+0000,2023-06-08T16:53:41.411+0000,a889bcbe-7a65-4ba6-9b90-2d0ba2124837,FACT,2023-06-08T16:53:41.411+0000,2023-06-08T16:53:41.411+0000,2023-06-08T16:53:41.411+0000,COMPLETED,fact_hourly_table
Forecasted Data,Gokarna Adhikari,2023-06-08T16:46:11.401+0000,2023-06-08T16:46:11.401+0000,7c69a63a-8224-486b-801d-bf7e9ea20ef1,FACT,2023-06-08T16:46:11.401+0000,2023-06-08T16:46:11.401+0000,2023-06-08T16:46:11.401+0000,COMPLETED,fact_hourly_table
Forecasted Data,Gokarna Adhikari,2023-06-08T16:53:24.660+0000,2023-06-08T16:53:24.660+0000,04747e5c-7a39-477c-9e1d-6254d1cef729,FACT,2023-06-08T16:53:24.660+0000,2023-06-08T16:53:24.660+0000,2023-06-08T16:53:24.660+0000,COMPLETED,fact_hourly_table
Forecasted Data,Gokarna Adhikari,2023-06-08T16:28:09.676+0000,2023-06-08T16:28:09.676+0000,f93d3cc8-5fde-42e8-8ad4-fec04c331193,FACT,2023-06-08T16:28:09.676+0000,2023-06-08T16:28:09.676+0000,2023-06-08T16:28:09.676+0000,COMPLETED,fact_hourly_table
Forecasted Data,Gokarna Adhikari,2023-06-08T16:44:50.941+0000,2023-06-08T16:44:50.941+0000,d3900c81-fdae-4e6f-a1cd-10cb34bb4ba8,FACT,2023-06-08T16:44:50.941+0000,2023-06-08T16:44:50.941+0000,2023-06-08T16:44:50.941+0000,COMPLETED,fact_hourly_table
Forecasted Data,Gokarna Adhikari,2023-06-08T16:55:07.714+0000,2023-06-08T16:55:07.714+0000,6332fbc5-f81e-473d-9bf1-a9c15161d38a,FACT,2023-06-08T16:55:07.714+0000,2023-06-08T16:55:07.714+0000,2023-06-08T16:55:07.714+0000,COMPLETED,fact_hourly_table
Forecasted Data,Gokarna Adhikari,2023-06-08T16:35:31.696+0000,2023-06-08T16:35:31.696+0000,59bf10e7-886c-4423-93e8-ffa113b78b2a,FACT,2023-06-08T16:35:31.696+0000,2023-06-08T16:35:31.696+0000,2023-06-08T16:35:31.696+0000,COMPLETED,fact_hourly_table
Forecasted Data,Gokarna Adhikari,2023-06-08T16:54:06.809+0000,2023-06-08T16:54:06.809+0000,abeca80c-0556-4a07-86f2-bd7b191bdaf3,FACT,2023-06-08T16:54:06.809+0000,2023-06-08T16:54:06.809+0000,2023-06-08T16:54:06.809+0000,COMPLETED,fact_hourly_table
Forecasted Data,Gokarna Adhikari,2023-06-08T16:45:33.780+0000,2023-06-08T16:45:33.780+0000,0812a970-f8a9-4f4c-8b45-ecc07216bef3,FACT,2023-06-08T16:45:33.780+0000,2023-06-08T16:45:33.780+0000,2023-06-08T16:45:33.780+0000,COMPLETED,fact_hourly_table
Forecasted Data,Gokarna Adhikari,2023-06-08T16:48:43.348+0000,2023-06-08T16:48:43.348+0000,9f0dfd03-c76a-4649-89eb-2b6a801d418a,FACT,2023-06-08T16:48:43.348+0000,2023-06-08T16:48:43.348+0000,2023-06-08T16:48:43.348+0000,COMPLETED,fact_hourly_table
Forecasted Data,Gokarna Adhikari,2023-06-08T16:36:32.288+0000,2023-06-08T16:36:32.288+0000,b68d9093-a410-4caf-a6ef-c1216184111b,FACT,2023-06-08T16:36:32.288+0000,2023-06-08T16:36:32.288+0000,2023-06-08T16:36:32.288+0000,COMPLETED,fact_hourly_table
Forecasted Data,Gokarna Adhikari,2023-06-08T16:45:51.856+0000,2023-06-08T16:45:51.856+0000,1c9f5bfc-1512-4b60-9708-851e9370463f,FACT,2023-06-08T16:45:51.856+0000,2023-06-08T16:45:51.856+0000,2023-06-08T16:45:51.856+0000,COMPLETED,fact_hourly_table
Forecasted Data,Gokarna Adhikari,2023-06-08T16:45:12.560+0000,2023-06-08T16:45:12.560+0000,ca04cd05-5557-4b28-95e4-15b5c729acac,FACT,2023-06-08T16:45:12.560+0000,2023-06-08T16:45:12.560+0000,2023-06-08T16:45:12.560+0000,COMPLETED,fact_hourly_table
Forecasted Data,Gokarna Adhikari,2023-06-08T16:54:37.486+0000,2023-06-08T16:54:37.486+0000,fc3ecf90-dafa-4521-bb2e-0aae576c88c8,FACT,2023-06-08T16:54:37.486+0000,2023-06-08T16:54:37.486+0000,2023-06-08T16:54:37.486+0000,COMPLETED,fact_hourly_table
Forecasted Data,Gokarna Adhikari,2023-06-08T16:35:04.496+0000,2023-06-08T16:35:04.496+0000,0cd0a599-eb82-42fa-a488-624e43e7da49,FACT,2023-06-08T16:35:04.496+0000,2023-06-08T16:35:04.496+0000,2023-06-08T16:35:04.496+0000,STARTED,fact_hourly_table
Forecasted Data,Gokarna Adhikari,2023-06-08T16:27:33.188+0000,2023-06-08T16:27:33.188+0000,e2a391eb-882f-40c0-998a-ad02e2c99cfa,FACT,2023-06-08T16:27:33.188+0000,2023-06-08T16:27:33.188+0000,2023-06-08T16:27:33.188+0000,STARTED,fact_hourly_table
Forecasted Data,Gokarna Adhikari,2023-06-08T16:27:46.061+0000,2023-06-08T16:27:46.061+0000,abb4684b-5002-4a95-b351-d37c43184ace,FACT,2023-06-08T16:27:46.061+0000,2023-06-08T16:27:46.061+0000,2023-06-08T16:27:46.061+0000,STARTED,fact_hourly_table
Forecasted Data,Gokarna Adhikari,2023-06-08T16:48:04.133+0000,2023-06-08T16:48:04.133+0000,1f4be2d6-517e-47c5-a62a-9c4ec4e5c4c8,FACT,2023-06-08T16:48:04.133+0000,2023-06-08T16:48:04.133+0000,2023-06-08T16:48:04.133+0000,STARTED,fact_hourly_table
Forecasted Data,Gokarna Adhikari,2023-06-08T16:45:05.247+0000,2023-06-08T16:45:05.247+0000,fd4ee2ab-77c3-418c-9052-336db9fe08cb,FACT,2023-06-08T16:45:05.247+0000,2023-06-08T16:45:05.247+0000,2023-06-08T16:45:05.247+0000,STARTED,fact_hourly_table
Forecasted Data,Gokarna Adhikari,2023-06-08T16:36:00.840+0000,2023-06-08T16:36:00.840+0000,dc918997-77c6-4645-bc8f-85dbfc0aee7f,FACT,2023-06-08T16:36:00.840+0000,2023-06-08T16:36:00.840+0000,2023-06-08T16:36:00.840+0000,STARTED,fact_hourly_table
Forecasted Data,Gokarna Adhikari,2023-06-08T16:46:02.556+0000,2023-06-08T16:46:02.556+0000,88326060-423c-4cd8-bca0-b2a045f0b904,FACT,2023-06-08T16:46:02.556+0000,2023-06-08T16:46:02.556+0000,2023-06-08T16:46:02.556+0000,STARTED,fact_hourly_table
Forecasted Data,Gokarna Adhikari,2023-06-08T16:36:23.411+0000,2023-06-08T16:36:23.411+0000,9553924f-286e-420f-bbe8-7227852eb41f,FACT,2023-06-08T16:36:23.411+0000,2023-06-08T16:36:23.411+0000,2023-06-08T16:36:23.411+0000,STARTED,fact_hourly_table
Forecasted Data,Gokarna Adhikari,2023-06-08T16:27:20.306+0000,2023-06-08T16:27:20.306+0000,a838413e-ffed-41e1-b0f8-5bcada340aa6,FACT,2023-06-08T16:27:20.306+0000,2023-06-08T16:27:20.306+0000,2023-06-08T16:27:20.306+0000,STARTED,fact_hourly_table
Forecasted Data,Gokarna Adhikari,2023-06-08T16:48:20.133+0000,2023-06-08T16:48:20.133+0000,10fa504e-0cf9-4a85-808b-bcc3b4ee3796,FACT,2023-06-08T16:48:20.133+0000,2023-06-08T16:48:20.133+0000,2023-06-08T16:48:20.133+0000,STARTED,fact_hourly_table
Forecasted Data,Gokarna Adhikari,2023-06-08T16:27:59.883+0000,2023-06-08T16:27:59.883+0000,e046ef6c-af98-4982-807e-177ffe670d6e,FACT,2023-06-08T16:27:59.883+0000,2023-06-08T16:27:59.883+0000,2023-06-08T16:27:59.883+0000,STARTED,fact_hourly_table
Forecasted Data,Gokarna Adhikari,2023-06-08T16:47:47.611+0000,2023-06-08T16:47:47.611+0000,e5cdb246-5889-4532-bbab-b89ca919af9a,FACT,2023-06-08T16:47:47.611+0000,2023-06-08T16:47:47.611+0000,2023-06-08T16:47:47.611+0000,STARTED,fact_hourly_table
Forecasted Data,Gokarna Adhikari,2023-06-08T16:27:07.680+0000,2023-06-08T16:27:07.680+0000,6ae61cc0-674d-4c60-b2d5-12e0d97b3735,FACT,2023-06-08T16:27:07.680+0000,2023-06-08T16:27:07.680+0000,2023-06-08T16:27:07.680+0000,STARTED,fact_hourly_table
Forecasted Data,Gokarna Adhikari,2023-06-08T16:53:30.410+0000,2023-06-08T16:53:30.410+0000,5fba1d26-4f0e-4f5a-8f4f-5c90a4a5753d,FACT,2023-06-08T16:53:30.410+0000,2023-06-08T16:53:30.410+0000,2023-06-08T16:53:30.410+0000,STARTED,fact_hourly_table
Forecasted Data,Gokarna Adhikari,2023-06-08T16:24:39.578+0000,2023-06-08T16:24:39.578+0000,8918f992-1f20-4cc9-a587-7d9f160c838a,FACT,2023-06-08T16:24:39.578+0000,2023-06-08T16:24:39.577+0000,2023-06-08T16:24:39.578+0000,STARTED,fact_hourly_table
Forecasted Data,Gokarna Adhikari,2023-06-08T16:48:34.678+0000,2023-06-08T16:48:34.678+0000,03617ee1-af11-4d1f-ba04-519d5e9b88c5,FACT,2023-06-08T16:48:34.678+0000,2023-06-08T16:48:34.678+0000,2023-06-08T16:48:34.678+0000,STARTED,fact_hourly_table
Forecasted Data,Gokarna Adhikari,2023-06-08T16:54:19.079+0000,2023-06-08T16:54:19.079+0000,bf668200-f204-4ad7-ab68-7787d8c44241,FACT,2023-06-08T16:54:19.079+0000,2023-06-08T16:54:19.079+0000,2023-06-08T16:54:19.079+0000,STARTED,fact_hourly_table
Forecasted Data,Gokarna Adhikari,2023-06-08T16:44:42.471+0000,2023-06-08T16:44:42.471+0000,a8e6f18e-4bec-49c5-9d46-c0fe509c63c3,FACT,2023-06-08T16:44:42.471+0000,2023-06-08T16:44:42.471+0000,2023-06-08T16:44:42.471+0000,STARTED,fact_hourly_table
Forecasted Data,Gokarna Adhikari,2023-06-08T16:47:32.073+0000,2023-06-08T16:47:32.073+0000,b5114f22-7d43-4270-a140-8478cbcb9925,FACT,2023-06-08T16:47:32.073+0000,2023-06-08T16:47:32.073+0000,2023-06-08T16:47:32.073+0000,STARTED,fact_hourly_table
Forecasted Data,Gokarna Adhikari,2023-06-08T16:53:15.204+0000,2023-06-08T16:53:15.204+0000,28f3837a-0371-44c1-9503-fd8931950fcf,FACT,2023-06-08T16:53:15.204+0000,2023-06-08T16:53:15.204+0000,2023-06-08T16:53:15.204+0000,STARTED,fact_hourly_table
Forecasted Data,Gokarna Adhikari,2023-06-08T16:35:42.238+0000,2023-06-08T16:35:42.238+0000,26beee6a-edeb-421c-b9db-5e780e117c39,FACT,2023-06-08T16:35:42.238+0000,2023-06-08T16:35:42.238+0000,2023-06-08T16:35:42.238+0000,STARTED,fact_hourly_table
Forecasted Data,Gokarna Adhikari,2023-06-08T16:35:23.675+0000,2023-06-08T16:35:23.675+0000,4a2e3fa9-830e-417a-acfe-e6d8260a3ce8,FACT,2023-06-08T16:35:23.675+0000,2023-06-08T16:35:23.675+0000,2023-06-08T16:35:23.675+0000,STARTED,fact_hourly_table
Forecasted Data,Gokarna Adhikari,2023-06-08T16:45:25.154+0000,2023-06-08T16:45:25.154+0000,5462e669-df44-4ba8-8185-cccf49191569,FACT,2023-06-08T16:45:25.154+0000,2023-06-08T16:45:25.154+0000,2023-06-08T16:45:25.154+0000,STARTED,fact_hourly_table
Forecasted Data,Gokarna Adhikari,2023-06-08T16:53:50.922+0000,2023-06-08T16:53:50.922+0000,e7427e5f-e2b6-4e08-af09-cfdf2e6326a7,FACT,2023-06-08T16:53:50.922+0000,2023-06-08T16:53:50.922+0000,2023-06-08T16:53:50.922+0000,STARTED,fact_hourly_table
Forecasted Data,Gokarna Adhikari,2023-06-08T16:54:51.356+0000,2023-06-08T16:54:51.356+0000,0cecd811-3064-46c4-be25-447fcc80c82d,FACT,2023-06-08T16:54:51.356+0000,2023-06-08T16:54:51.356+0000,2023-06-08T16:54:51.356+0000,STARTED,fact_hourly_table
Forecasted Data,Gokarna Adhikari,2023-06-08T16:45:44.671+0000,2023-06-08T16:45:44.671+0000,071e0b64-e600-4fef-9381-0efa476e0b3a,FACT,2023-06-08T16:45:44.671+0000,2023-06-08T16:45:44.671+0000,2023-06-08T16:45:44.671+0000,STARTED,fact_hourly_table
,Gokarna Adhikari,2023-06-08T15:59:28.876+0000,2023-06-08T15:59:28.876+0000,306a0e29-c5e2-43a3-ae5d-ed78e8af20c5,FACT,2023-06-08T15:59:28.876+0000,2023-06-08T15:59:28.876+0000,2023-06-08T15:59:28.876+0000,COMPLETED,fact_hourly_table
,Gokarna Adhikari,2023-06-08T14:42:31.719+0000,2023-06-08T14:42:31.719+0000,ce1a18df-ad71-4421-8643-64eb237e0575,FACT,2023-06-08T14:42:31.719+0000,2023-06-08T14:42:31.719+0000,2023-06-08T14:42:31.719+0000,COMPLETED,fact_hourly_table
,Gokarna Adhikari,2023-06-08T15:21:32.252+0000,2023-06-08T15:21:32.252+0000,0247d1c9-e504-4732-bba4-01fbbcde3e13,FACT,2023-06-08T15:21:32.252+0000,2023-06-08T15:21:32.252+0000,2023-06-08T15:21:32.252+0000,COMPLETED,fact_hourly_table
,Gokarna Adhikari,2023-06-08T16:26:59.768+0000,2023-06-08T16:26:59.768+0000,d95bce24-bae3-4268-8600-ddedd0c52846,FACT,2023-06-08T16:26:59.768+0000,2023-06-08T16:26:59.767+0000,2023-06-08T16:26:59.768+0000,COMPLETED,fact_hourly_table
,Gokarna Adhikari,2023-06-08T16:37:44.390+0000,2023-06-08T16:37:44.390+0000,de8bbcfc-1aad-4312-8e53-0108394bf6cd,FACT,2023-06-08T16:37:44.390+0000,2023-06-08T16:37:44.390+0000,2023-06-08T16:37:44.390+0000,COMPLETED,fact_hourly_table
,Gokarna Adhikari,2023-06-08T16:24:33.790+0000,2023-06-08T16:24:33.790+0000,71ffd629-dc70-43c4-816f-3b5d4ef57134,FACT,2023-06-08T16:24:33.790+0000,2023-06-08T16:24:33.790+0000,2023-06-08T16:24:33.790+0000,COMPLETED,fact_hourly_table
,Gokarna Adhikari,2023-06-08T16:53:08.205+0000,2023-06-08T16:53:08.205+0000,106ad04c-080f-4ef8-82a2-ebb9c513e086,FACT,2023-06-08T16:53:08.205+0000,2023-06-08T16:53:08.205+0000,2023-06-08T16:53:08.205+0000,COMPLETED,fact_hourly_table
,Gokarna Adhikari,2023-06-08T16:26:11.767+0000,2023-06-08T16:26:11.767+0000,084d07e7-c23a-4bc6-bbbe-9b52e36c3269,FACT,2023-06-08T16:26:11.767+0000,2023-06-08T16:26:11.767+0000,2023-06-08T16:26:11.767+0000,COMPLETED,fact_hourly_table
,Gokarna Adhikari,2023-06-08T16:42:43.472+0000,2023-06-08T16:42:43.472+0000,0b893aa5-317b-4ac5-93ad-814158a10c0f,FACT,2023-06-08T16:42:43.472+0000,2023-06-08T16:42:43.472+0000,2023-06-08T16:42:43.472+0000,COMPLETED,fact_hourly_table
,Gokarna Adhikari,2023-06-08T16:34:49.961+0000,2023-06-08T16:34:49.961+0000,b75cd255-f7f4-4994-ba6c-c132e5f44c34,FACT,2023-06-08T16:34:49.961+0000,2023-06-08T16:34:49.961+0000,2023-06-08T16:34:49.961+0000,COMPLETED,fact_hourly_table
,Gokarna Adhikari,2023-06-08T16:41:56.380+0000,2023-06-08T16:41:56.380+0000,1b4b548e-b20c-4cf3-95c1-eaa8cb7c63dc,FACT,2023-06-08T16:41:56.380+0000,2023-06-08T16:41:56.380+0000,2023-06-08T16:41:56.380+0000,COMPLETED,fact_hourly_table
,Gokarna Adhikari,2023-06-08T15:07:47.305+0000,2023-06-08T15:07:47.305+0000,6a0139b6-060d-4ace-86a6-035ce750c292,FACT,2023-06-08T15:07:47.305+0000,2023-06-08T15:07:47.305+0000,2023-06-08T15:07:47.305+0000,COMPLETED,fact_hourly_table
,Gokarna Adhikari,2023-06-08T16:47:25.648+0000,2023-06-08T16:47:25.648+0000,a570cbeb-32e6-43d3-a1bf-b023371879f1,FACT,2023-06-08T16:47:25.648+0000,2023-06-08T16:47:25.648+0000,2023-06-08T16:47:25.648+0000,COMPLETED,fact_hourly_table
,Gokarna Adhikari,2023-06-08T16:20:01.158+0000,2023-06-08T16:20:01.158+0000,21fedeaf-456d-4513-8a53-df047d51297e,FACT,2023-06-08T16:20:01.158+0000,2023-06-08T16:20:01.158+0000,2023-06-08T16:20:01.158+0000,COMPLETED,fact_hourly_table
,Gokarna Adhikari,2023-06-08T16:44:32.455+0000,2023-06-08T16:44:32.455+0000,ada2d76b-9d16-40a3-b273-20dfbac5b284,FACT,2023-06-08T16:44:32.455+0000,2023-06-08T16:44:32.455+0000,2023-06-08T16:44:32.455+0000,COMPLETED,fact_hourly_table
,Gokarna Adhikari,2023-06-08T14:52:19.694+0000,2023-06-08T14:52:19.694+0000,e7d7b6f0-88cf-473b-be79-2f03a69bf54d,CLEAN,2023-06-08T14:52:19.694+0000,2023-06-08T14:52:19.694+0000,2023-06-08T14:52:19.694+0000,COMPLETED,raw.raw_weather
,Gokarna Adhikari,2023-06-08T15:08:00.769+0000,2023-06-08T15:08:00.769+0000,e52f42cc-c777-4e6f-bb22-6195ab45bec7,FACT,2023-06-08T15:08:00.769+0000,2023-06-08T15:08:00.769+0000,2023-06-08T15:08:00.769+0000,COMPLETED,fact_daily_table
,Gokarna Adhikari,2023-06-08T12:49:43.365+0000,2023-06-08T12:49:43.365+0000,c3c9d383-dbed-44c1-a3cb-317b79000d9c,CLEAN,2023-06-08T12:49:43.365+0000,2023-06-08T12:49:43.365+0000,2023-06-08T12:49:43.365+0000,COMPLETED,raw.raw_weather
,Gokarna Adhikari,2023-06-08T16:37:56.995+0000,2023-06-08T16:37:56.995+0000,ba410581-7903-4a78-8c82-4229f24c0b62,FACT,2023-06-08T16:37:56.995+0000,2023-06-08T16:37:56.995+0000,2023-06-08T16:37:56.995+0000,COMPLETED,fact_daily_table
,Gokarna Adhikari,2023-06-08T15:59:41.558+0000,2023-06-08T15:59:41.558+0000,ce9bd38f-6aba-43e8-a737-3a6aff6d237d,FACT,2023-06-08T15:59:41.558+0000,2023-06-08T15:59:41.558+0000,2023-06-08T15:59:41.558+0000,COMPLETED,fact_daily_table
,Gokarna Adhikari,2023-06-08T16:20:13.271+0000,2023-06-08T16:20:13.271+0000,b03f43da-9f61-487d-9169-f2b43774847e,FACT,2023-06-08T16:20:13.271+0000,2023-06-08T16:20:13.271+0000,2023-06-08T16:20:13.271+0000,COMPLETED,fact_daily_table
,Gokarna Adhikari,2023-06-08T15:53:31.331+0000,2023-06-08T15:53:31.331+0000,51cbd1a5-2607-4e73-b9de-55c5c5a4e45f,CLEAN,2023-06-08T15:53:31.331+0000,2023-06-08T15:53:31.331+0000,2023-06-08T15:53:31.331+0000,COMPLETED,raw.raw_weather
,Gokarna Adhikari,2023-06-08T15:21:46.037+0000,2023-06-08T15:21:46.037+0000,411f81e3-c086-4095-be16-02abd6c93443,FACT,2023-06-08T15:21:46.037+0000,2023-06-08T15:21:46.037+0000,2023-06-08T15:21:46.037+0000,COMPLETED,fact_daily_table
,Gokarna Adhikari,2023-06-08T16:42:11.281+0000,2023-06-08T16:42:11.281+0000,73bdf284-6800-438f-b33e-4ff19b5c76a9,FACT,2023-06-08T16:42:11.281+0000,2023-06-08T16:42:11.281+0000,2023-06-08T16:42:11.281+0000,COMPLETED,fact_daily_table
,Gokarna Adhikari,2023-06-08T16:55:25.892+0000,2023-06-08T16:55:25.892+0000,bc2d5218-b19e-42e2-b57d-2a3d4754159d,CLEAN,2023-06-08T16:55:25.892+0000,2023-06-08T16:55:25.892+0000,2023-06-08T16:55:25.892+0000,COMPLETED,raw.raw_weather
,Gokarna Adhikari,2023-06-08T14:42:44.596+0000,2023-06-08T14:42:44.596+0000,24b69887-8547-44e4-b30d-d13743d22fcc,FACT,2023-06-08T14:42:44.596+0000,2023-06-08T14:42:44.596+0000,2023-06-08T14:42:44.596+0000,COMPLETED,fact_daily_table
,Gokarna Adhikari,2023-06-08T11:48:32.599+0000,2023-06-08T11:48:32.599+0000,70d51adf-ef31-403d-953d-61f4835d054b,CLEAN,2023-06-08T11:48:32.599+0000,2023-06-08T11:48:32.599+0000,2023-06-08T11:48:32.599+0000,COMPLETED,raw.raw_weather
,Gokarna Adhikari,2023-06-08T10:47:17.223+0000,2023-06-08T10:47:17.223+0000,0f030485-a14d-4dde-86b8-e88e270d72b7,CLEAN,2023-06-08T10:47:17.223+0000,2023-06-08T10:47:17.223+0000,2023-06-08T10:47:17.223+0000,COMPLETED,raw.raw_weather
,Gokarna Adhikari,2023-06-08T13:50:58.596+0000,2023-06-08T13:50:58.596+0000,df8bee6f-b9a1-4479-8136-5ee43e57efea,CLEAN,2023-06-08T13:50:58.596+0000,2023-06-08T13:50:58.596+0000,2023-06-08T13:50:58.596+0000,COMPLETED,raw.raw_weather
,Gokarna Adhikari,2023-06-08T16:34:39.446+0000,2023-06-08T16:34:39.446+0000,ebbafa72-b1e4-4bf3-8bdd-4586067e8174,FACT,2023-06-08T16:34:39.446+0000,2023-06-08T16:34:39.446+0000,2023-06-08T16:34:39.446+0000,STARTED,fact_hourly_table
,Gokarna Adhikari,2023-06-08T15:21:21.342+0000,2023-06-08T15:21:21.342+0000,47e96757-3790-4fe5-aa17-f1b73dd7b683,FACT,2023-06-08T15:21:21.342+0000,2023-06-08T15:21:21.342+0000,2023-06-08T15:21:21.342+0000,STARTED,fact_hourly_table
,Gokarna Adhikari,2023-06-08T12:49:02.777+0000,2023-06-08T12:49:02.777+0000,52f6f6f8-832b-48c8-ac17-05dd8193ad83,RAW,2023-06-08T12:49:02.777+0000,2023-06-08T12:49:02.777+0000,2023-06-08T12:49:02.777+0000,EXTRACTING,raw.raw_weather
,Gokarna Adhikari,2023-06-08T11:47:29.931+0000,2023-06-08T11:47:29.931+0000,87a2bc79-f9bc-48d7-930e-0fb8974ea733,RAW,2023-06-08T11:47:29.931+0000,2023-06-08T11:47:29.931+0000,2023-06-08T11:47:29.931+0000,EXTRACTING,raw.raw_weather
,Gokarna Adhikari,2023-06-08T14:40:57.124+0000,2023-06-08T14:40:57.124+0000,84226446-7343-4cc1-99cb-9572b8827192,FACT,2023-06-08T14:40:57.123+0000,2023-06-08T14:40:57.123+0000,2023-06-08T14:40:57.123+0000,STARTED,fact_hourly_table
,Gokarna Adhikari,2023-06-08T16:53:43.808+0000,2023-06-08T16:53:43.808+0000,a6e1c83e-419e-458e-aa08-5442fa4df0a4,RAW,2023-06-08T16:53:43.808+0000,2023-06-08T16:53:43.808+0000,2023-06-08T16:53:43.808+0000,EXTRACTING,raw.raw_weather
,Gokarna Adhikari,2023-06-08T10:46:40.643+0000,2023-06-08T10:46:40.643+0000,7ca704c0-790b-4436-875f-42963e5e688d,RAW,2023-06-08T10:46:40.643+0000,2023-06-08T10:46:40.643+0000,2023-06-08T10:46:40.643+0000,EXTRACTING,raw.raw_weather
,Gokarna Adhikari,2023-06-08T12:48:54.120+0000,2023-06-08T12:48:54.120+0000,274b9eaf-a7f3-45e5-8606-2e694de5e502,RAW,2023-06-08T12:48:54.120+0000,2023-06-08T12:48:54.120+0000,2023-06-08T12:48:54.120+0000,EXTRACTING,raw.raw_weather
,Gokarna Adhikari,2023-06-08T11:47:41.284+0000,2023-06-08T11:47:41.284+0000,76bb0b3d-f4bb-4c55-99ac-7ef64b05a199,RAW,2023-06-08T11:47:41.284+0000,2023-06-08T11:47:41.284+0000,2023-06-08T11:47:41.284+0000,EXTRACTING,raw.raw_weather
,Gokarna Adhikari,2023-06-08T15:52:40.629+0000,2023-06-08T15:52:40.629+0000,53e8ddae-1c8d-4482-97dd-bd8a343cf3f2,RAW,2023-06-08T15:52:40.629+0000,2023-06-08T15:52:40.629+0000,2023-06-08T15:52:40.629+0000,EXTRACTING,raw.raw_weather
,Gokarna Adhikari,2023-06-08T15:52:56.460+0000,2023-06-08T15:52:56.460+0000,63733a04-26d3-49b0-982d-ed888a31b7d9,RAW,2023-06-08T15:52:56.460+0000,2023-06-08T15:52:56.460+0000,2023-06-08T15:52:56.460+0000,EXTRACTING,raw.raw_weather
,Gokarna Adhikari,2023-06-08T16:26:02.280+0000,2023-06-08T16:26:02.280+0000,c449e4ce-8ed8-4439-a32c-a7a99d52cf9c,FACT,2023-06-08T16:26:02.280+0000,2023-06-08T16:26:02.280+0000,2023-06-08T16:26:02.280+0000,STARTED,fact_hourly_table
,Gokarna Adhikari,2023-06-08T12:49:19.527+0000,2023-06-08T12:49:19.527+0000,46a9156e-42a5-4096-9f40-ca1ffc583740,RAW,2023-06-08T12:49:19.527+0000,2023-06-08T12:49:19.527+0000,2023-06-08T12:49:19.527+0000,EXTRACTING,raw.raw_weather
,Gokarna Adhikari,2023-06-08T15:58:45.537+0000,2023-06-08T15:58:45.537+0000,97ece2a5-4222-4d80-821e-482087f70d2f,FACT,2023-06-08T15:58:45.537+0000,2023-06-08T15:58:45.537+0000,2023-06-08T15:58:45.537+0000,STARTED,fact_hourly_table
,Gokarna Adhikari,2023-06-08T11:47:58.939+0000,2023-06-08T11:47:58.939+0000,7f8147df-5639-4f24-a891-2e704d43addc,RAW,2023-06-08T11:47:58.939+0000,2023-06-08T11:47:58.939+0000,2023-06-08T11:47:58.939+0000,EXTRACTING,raw.raw_weather
,Gokarna Adhikari,2023-06-08T13:50:32.400+0000,2023-06-08T13:50:32.400+0000,8399d325-e321-47c5-b16d-4c17b78ff578,RAW,2023-06-08T13:50:32.400+0000,2023-06-08T13:50:32.400+0000,2023-06-08T13:50:32.400+0000,EXTRACTING,raw.raw_weather
,Gokarna Adhikari,2023-06-08T14:51:23.399+0000,2023-06-08T14:51:23.399+0000,c6cedc55-f983-4090-afc6-02daae4e3b86,RAW,2023-06-08T14:51:23.399+0000,2023-06-08T14:51:23.399+0000,2023-06-08T14:51:23.399+0000,EXTRACTING,raw.raw_weather
,Gokarna Adhikari,2023-06-08T16:54:01.699+0000,2023-06-08T16:54:01.699+0000,879a860b-f3aa-4b0f-b793-0c4a3f62afc2,RAW,2023-06-08T16:54:01.699+0000,2023-06-08T16:54:01.699+0000,2023-06-08T16:54:01.699+0000,EXTRACTING,raw.raw_weather
,Gokarna Adhikari,2023-06-08T16:41:46.856+0000,2023-06-08T16:41:46.856+0000,2fdfd2b6-f1e5-414a-af12-2804cbdb2299,FACT,2023-06-08T16:41:46.856+0000,2023-06-08T16:41:46.856+0000,2023-06-08T16:41:46.856+0000,STARTED,fact_hourly_table
,Gokarna Adhikari,2023-06-08T11:47:50.467+0000,2023-06-08T11:47:50.467+0000,14d64c03-ea3f-4f2f-89fd-e80d6e1abd5b,RAW,2023-06-08T11:47:50.467+0000,2023-06-08T11:47:50.467+0000,2023-06-08T11:47:50.467+0000,EXTRACTING,raw.raw_weather
,Gokarna Adhikari,2023-06-08T16:43:28.237+0000,2023-06-08T16:43:28.237+0000,7b7bd6ef-ae0b-4b2a-a6bb-92e412382107,FACT,2023-06-08T16:43:28.237+0000,2023-06-08T16:43:28.237+0000,2023-06-08T16:43:28.237+0000,STARTED,fact_hourly_table
,Gokarna Adhikari,2023-06-08T12:48:43.956+0000,2023-06-08T12:48:43.956+0000,c40fb452-b459-4d8f-81cb-01f544cbfad5,RAW,2023-06-08T12:48:43.956+0000,2023-06-08T12:48:43.956+0000,2023-06-08T12:48:43.956+0000,EXTRACTING,raw.raw_weather
,Gokarna Adhikari,2023-06-08T14:51:40.650+0000,2023-06-08T14:51:40.650+0000,2268419c-74ba-4376-bda1-49eaafb3afad,RAW,2023-06-08T14:51:40.650+0000,2023-06-08T14:51:40.650+0000,2023-06-08T14:51:40.650+0000,EXTRACTING,raw.raw_weather
,Gokarna Adhikari,2023-06-08T16:17:11.962+0000,2023-06-08T16:17:11.962+0000,999da088-f9f5-46c1-86cd-0ac0d96528bd,FACT,2023-06-08T16:17:11.962+0000,2023-06-08T16:17:11.962+0000,2023-06-08T16:17:11.962+0000,STARTED,fact_hourly_table
,Gokarna Adhikari,2023-06-08T16:24:24.450+0000,2023-06-08T16:24:24.450+0000,94e0be3b-d2ea-4c56-a6a0-3d654193217e,FACT,2023-06-08T16:24:24.450+0000,2023-06-08T16:24:24.450+0000,2023-06-08T16:24:24.450+0000,STARTED,fact_hourly_table
,Gokarna Adhikari,2023-06-08T15:52:31.877+0000,2023-06-08T15:52:31.877+0000,07967e6d-bb7d-4860-8746-5ad0f0e76919,RAW,2023-06-08T15:52:31.877+0000,2023-06-08T15:52:31.877+0000,2023-06-08T15:52:31.877+0000,EXTRACTING,raw.raw_weather
,Gokarna Adhikari,2023-06-08T15:07:37.970+0000,2023-06-08T15:07:37.970+0000,9282b1f3-af4b-4684-849e-a98abf796419,FACT,2023-06-08T15:07:37.970+0000,2023-06-08T15:07:37.970+0000,2023-06-08T15:07:37.970+0000,STARTED,fact_hourly_table
,Gokarna Adhikari,2023-06-08T16:42:35.068+0000,2023-06-08T16:42:35.068+0000,e097b9bb-3015-4c4c-a88c-c315f2c417ca,FACT,2023-06-08T16:42:35.068+0000,2023-06-08T16:42:35.068+0000,2023-06-08T16:42:35.068+0000,STARTED,fact_hourly_table
,Gokarna Adhikari,2023-06-08T15:53:04.879+0000,2023-06-08T15:53:04.879+0000,a91293a6-c201-451e-abe5-0b0609e2bb1a,RAW,2023-06-08T15:53:04.879+0000,2023-06-08T15:53:04.879+0000,2023-06-08T15:53:04.879+0000,EXTRACTING,raw.raw_weather
,Gokarna Adhikari,2023-06-08T13:50:15.017+0000,2023-06-08T13:50:15.017+0000,982f77ba-eb48-4040-ba5b-d9bc0ae48ef5,RAW,2023-06-08T13:50:15.017+0000,2023-06-08T13:50:15.017+0000,2023-06-08T13:50:15.017+0000,EXTRACTING,raw.raw_weather
,Gokarna Adhikari,2023-06-08T11:48:08.062+0000,2023-06-08T11:48:08.062+0000,734ac3e9-e151-4fe4-b1e7-3fcc6b5ba658,RAW,2023-06-08T11:48:08.062+0000,2023-06-08T11:48:08.062+0000,2023-06-08T11:48:08.062+0000,EXTRACTING,raw.raw_weather
,Gokarna Adhikari,2023-06-08T13:49:55.579+0000,2023-06-08T13:49:55.579+0000,743c9923-73d6-407c-9b17-f757af6795ed,RAW,2023-06-08T13:49:55.579+0000,2023-06-08T13:49:55.579+0000,2023-06-08T13:49:55.579+0000,EXTRACTING,raw.raw_weather
,Gokarna Adhikari,2023-06-08T16:52:57.174+0000,2023-06-08T16:52:57.174+0000,c0ed926a-e0de-465e-a5b0-1774ac76edce,FACT,2023-06-08T16:52:57.174+0000,2023-06-08T16:52:57.174+0000,2023-06-08T16:52:57.174+0000,STARTED,fact_hourly_table
,Gokarna Adhikari,2023-06-08T15:52:48.578+0000,2023-06-08T15:52:48.578+0000,07c837c3-1077-4611-9f8f-d944e6afc1b9,RAW,2023-06-08T15:52:48.578+0000,2023-06-08T15:52:48.578+0000,2023-06-08T15:52:48.578+0000,EXTRACTING,raw.raw_weather
,Gokarna Adhikari,2023-06-08T16:17:38.148+0000,2023-06-08T16:17:38.148+0000,e01b40a5-7c31-4eaf-94ab-4239ce55ee55,FACT,2023-06-08T16:17:38.148+0000,2023-06-08T16:17:38.148+0000,2023-06-08T16:17:38.148+0000,STARTED,fact_hourly_table
,Gokarna Adhikari,2023-06-08T10:46:32.598+0000,2023-06-08T10:46:32.598+0000,b36881bd-da9b-4d49-9b34-4d6b3b64cc80,RAW,2023-06-08T10:46:32.598+0000,2023-06-08T10:46:32.597+0000,2023-06-08T10:46:32.598+0000,EXTRACTING,raw.raw_weather
,Gokarna Adhikari,2023-06-08T16:47:13.505+0000,2023-06-08T16:47:13.505+0000,f14330aa-d345-4cbc-93c1-5bed3c86b03c,FACT,2023-06-08T16:47:13.505+0000,2023-06-08T16:47:13.505+0000,2023-06-08T16:47:13.505+0000,STARTED,fact_hourly_table
,Gokarna Adhikari,2023-06-08T16:18:06.321+0000,2023-06-08T16:18:06.321+0000,f2841e02-5e26-4964-b546-3b2b62139c71,FACT,2023-06-08T16:18:06.321+0000,2023-06-08T16:18:06.321+0000,2023-06-08T16:18:06.321+0000,STARTED,fact_hourly_table
,Gokarna Adhikari,2023-06-08T16:54:15.208+0000,2023-06-08T16:54:15.208+0000,ac4917de-9bf6-4f0d-ac7a-7e2881540157,RAW,2023-06-08T16:54:15.208+0000,2023-06-08T16:54:15.208+0000,2023-06-08T16:54:15.208+0000,EXTRACTING,raw.raw_weather
,Gokarna Adhikari,2023-06-08T16:26:50.620+0000,2023-06-08T16:26:50.620+0000,3aa48d24-383a-46b1-96f3-b71b05f97900,FACT,2023-06-08T16:26:50.619+0000,2023-06-08T16:26:50.619+0000,2023-06-08T16:26:50.619+0000,STARTED,fact_hourly_table
,Gokarna Adhikari,2023-06-08T16:54:48.603+0000,2023-06-08T16:54:48.603+0000,c29dbe75-e6ea-41a7-b4d0-e8536624625d,RAW,2023-06-08T16:54:48.603+0000,2023-06-08T16:54:48.603+0000,2023-06-08T16:54:48.603+0000,EXTRACTING,raw.raw_weather
,Gokarna Adhikari,2023-06-08T10:46:48.123+0000,2023-06-08T10:46:48.123+0000,0b4d375c-e9ad-42f8-9722-58548126ef35,RAW,2023-06-08T10:46:48.123+0000,2023-06-08T10:46:48.123+0000,2023-06-08T10:46:48.123+0000,EXTRACTING,raw.raw_weather
,Gokarna Adhikari,2023-06-08T14:51:13.480+0000,2023-06-08T14:51:13.480+0000,dd727030-52c2-45f9-9ce1-3848c15b6792,RAW,2023-06-08T14:51:13.480+0000,2023-06-08T14:51:13.480+0000,2023-06-08T14:51:13.480+0000,EXTRACTING,raw.raw_weather
,Gokarna Adhikari,2023-06-08T16:44:21.643+0000,2023-06-08T16:44:21.643+0000,0a195f8f-7d76-4748-a978-8b5f3a564440,FACT,2023-06-08T16:44:21.643+0000,2023-06-08T16:44:21.643+0000,2023-06-08T16:44:21.643+0000,STARTED,fact_hourly_table
,Gokarna Adhikari,2023-06-08T15:59:18.651+0000,2023-06-08T15:59:18.651+0000,9fa8fb10-87cc-4023-add0-1fd6c8c1ae20,FACT,2023-06-08T15:59:18.651+0000,2023-06-08T15:59:18.650+0000,2023-06-08T15:59:18.651+0000,STARTED,fact_hourly_table
,Gokarna Adhikari,2023-06-08T14:42:23.475+0000,2023-06-08T14:42:23.475+0000,10de6a3f-6b2c-400d-8bb5-62697895441e,FACT,2023-06-08T14:42:23.475+0000,2023-06-08T14:42:23.475+0000,2023-06-08T14:42:23.475+0000,STARTED,fact_hourly_table
,Gokarna Adhikari,2023-06-08T13:50:06.091+0000,2023-06-08T13:50:06.091+0000,f7237c23-58fe-4c3a-b2c8-5228cd872029,RAW,2023-06-08T13:50:06.091+0000,2023-06-08T13:50:06.091+0000,2023-06-08T13:50:06.091+0000,EXTRACTING,raw.raw_weather
,Gokarna Adhikari,2023-06-08T16:37:35.081+0000,2023-06-08T16:37:35.081+0000,0f601582-1407-43e3-a57f-b0d128c62bd1,FACT,2023-06-08T16:37:35.081+0000,2023-06-08T16:37:35.081+0000,2023-06-08T16:37:35.081+0000,STARTED,fact_hourly_table
,Gokarna Adhikari,2023-06-08T10:46:57.527+0000,2023-06-08T10:46:57.527+0000,394c6a3c-4ddf-47ee-b107-5b1549e4eb72,RAW,2023-06-08T10:46:57.527+0000,2023-06-08T10:46:57.527+0000,2023-06-08T10:46:57.527+0000,EXTRACTING,raw.raw_weather
,Gokarna Adhikari,2023-06-08T14:51:31.585+0000,2023-06-08T14:51:31.585+0000,1bbdf073-8a23-49b1-bdf8-6624eb35cdfe,RAW,2023-06-08T14:51:31.585+0000,2023-06-08T14:51:31.585+0000,2023-06-08T14:51:31.585+0000,EXTRACTING,raw.raw_weather
,Gokarna Adhikari,2023-06-08T12:49:11.517+0000,2023-06-08T12:49:11.517+0000,1c518a9e-269a-44c7-b7be-97783ec570fd,RAW,2023-06-08T12:49:11.517+0000,2023-06-08T12:49:11.517+0000,2023-06-08T12:49:11.517+0000,EXTRACTING,raw.raw_weather
,Gokarna Adhikari,2023-06-08T10:46:20.852+0000,2023-06-08T10:46:20.852+0000,798d0de8-4e90-47b6-b916-8cd5e7132c2f,RAW,2023-06-08T10:46:20.852+0000,2023-06-08T10:46:20.851+0000,2023-06-08T10:46:20.852+0000,EXTRACTING,raw.raw_weather
,Gokarna Adhikari,2023-06-08T16:54:32.354+0000,2023-06-08T16:54:32.354+0000,e2b0cf5d-0d8a-4b44-830b-2e8940868469,RAW,2023-06-08T16:54:32.354+0000,2023-06-08T16:54:32.354+0000,2023-06-08T16:54:32.354+0000,EXTRACTING,raw.raw_weather
,Gokarna Adhikari,2023-06-08T14:51:55.508+0000,2023-06-08T14:51:55.508+0000,25ea8f3f-3df0-4575-924e-fbe865f4c747,RAW,2023-06-08T14:51:55.508+0000,2023-06-08T14:51:55.508+0000,2023-06-08T14:51:55.508+0000,EXTRACTING,raw.raw_weather
,Gokarna Adhikari,2023-06-08T13:50:23.714+0000,2023-06-08T13:50:23.714+0000,4591fd00-f81d-4418-96ce-9bba5a0f2b88,RAW,2023-06-08T13:50:23.714+0000,2023-06-08T13:50:23.714+0000,2023-06-08T13:50:23.714+0000,EXTRACTING,raw.raw_weather
,Gokarna Adhikari,2023-06-08T16:19:51.340+0000,2023-06-08T16:19:51.340+0000,f9ef9ac9-19b7-4f48-aa3f-edad03d16ed5,FACT,2023-06-08T16:19:51.340+0000,2023-06-08T16:19:51.340+0000,2023-06-08T16:19:51.340+0000,STARTED,fact_hourly_table
,Gokarna Adhikari,2023-06-08T11:48:23.680+0000,2023-06-08T11:48:23.680+0000,fd220ef2-91ee-4740-9eca-f57519718cf2,CLEAN,2023-06-08T11:48:23.680+0000,2023-06-08T11:48:23.680+0000,2023-06-08T11:48:23.680+0000,STARTED,raw.raw_weather
,Gokarna Adhikari,2023-06-08T12:49:27.109+0000,2023-06-08T12:49:27.109+0000,f32fda01-7f41-4fe9-a0fb-de324d0989a5,RAW,2023-06-08T12:49:27.109+0000,2023-06-08T12:49:27.109+0000,2023-06-08T12:49:27.109+0000,COMPLETED,raw.raw_weather
,Gokarna Adhikari,2023-06-08T15:53:13.561+0000,2023-06-08T15:53:13.561+0000,dc8cbd17-e7a2-4c44-9698-570db883a3c1,RAW,2023-06-08T15:53:13.561+0000,2023-06-08T15:53:13.561+0000,2023-06-08T15:53:13.561+0000,COMPLETED,raw.raw_weather
,Gokarna Adhikari,2023-06-08T14:52:03.226+0000,2023-06-08T14:52:03.226+0000,0750d6dc-70db-4294-8952-b26a8385dca0,RAW,2023-06-08T14:52:03.226+0000,2023-06-08T14:52:03.226+0000,2023-06-08T14:52:03.226+0000,COMPLETED,raw.raw_weather
,Gokarna Adhikari,2023-06-08T11:48:17.544+0000,2023-06-08T11:48:17.544+0000,fb0d83a0-c9a5-4688-a5f0-95cc908e29fb,RAW,2023-06-08T11:48:17.544+0000,2023-06-08T11:48:17.544+0000,2023-06-08T11:48:17.544+0000,COMPLETED,raw.raw_weather
,Gokarna Adhikari,2023-06-08T15:07:51.324+0000,2023-06-08T15:07:51.324+0000,f1f6f588-17fe-4e2e-97fb-284980e7e6a7,FACT,2023-06-08T15:07:51.324+0000,2023-06-08T15:07:51.324+0000,2023-06-08T15:07:51.324+0000,STARTED,fact_daily_table
,Gokarna Adhikari,2023-06-08T14:42:36.128+0000,2023-06-08T14:42:36.128+0000,2f263163-1b88-4547-a42b-f07655ee2926,FACT,2023-06-08T14:42:36.128+0000,2023-06-08T14:42:36.128+0000,2023-06-08T14:42:36.128+0000,STARTED,fact_daily_table
,Gokarna Adhikari,2023-06-08T16:20:04.824+0000,2023-06-08T16:20:04.824+0000,69dc54fc-027e-47c9-9ee9-bfa0a58a74e8,FACT,2023-06-08T16:20:04.824+0000,2023-06-08T16:20:04.824+0000,2023-06-08T16:20:04.824+0000,STARTED,fact_daily_table
,Gokarna Adhikari,2023-06-08T10:47:09.224+0000,2023-06-08T10:47:09.224+0000,e875c401-a5a4-493a-be1c-cb330bad38a9,CLEAN,2023-06-08T10:47:09.224+0000,2023-06-08T10:47:09.224+0000,2023-06-08T10:47:09.224+0000,STARTED,raw.raw_weather
,Gokarna Adhikari,2023-06-08T15:59:32.429+0000,2023-06-08T15:59:32.429+0000,224eecae-1fba-4248-af0c-640c69a2e951,FACT,2023-06-08T15:59:32.429+0000,2023-06-08T15:59:32.429+0000,2023-06-08T15:59:32.429+0000,STARTED,fact_daily_table
,Gokarna Adhikari,2023-06-08T16:55:00.106+0000,2023-06-08T16:55:00.106+0000,54782e70-aceb-4c9b-84b1-3f49eea8f2b3,RAW,2023-06-08T16:55:00.106+0000,2023-06-08T16:55:00.106+0000,2023-06-08T16:55:00.106+0000,COMPLETED,raw.raw_weather
,Gokarna Adhikari,2023-06-08T16:55:07.628+0000,2023-06-08T16:55:07.628+0000,45993118-fcfd-40cb-879c-82a7af7966e9,CLEAN,2023-06-08T16:55:07.628+0000,2023-06-08T16:55:07.628+0000,2023-06-08T16:55:07.628+0000,STARTED,raw.raw_weather
,Gokarna Adhikari,2023-06-08T13:50:46.595+0000,2023-06-08T13:50:46.595+0000,ce80b6f9-4a31-4c75-b20e-664738ca0c4b,CLEAN,2023-06-08T13:50:46.595+0000,2023-06-08T13:50:46.595+0000,2023-06-08T13:50:46.595+0000,STARTED,raw.raw_weather
,Gokarna Adhikari,2023-06-08T15:53:18.426+0000,2023-06-08T15:53:18.426+0000,2e405928-356c-4924-991e-9d09383fad34,CLEAN,2023-06-08T15:53:18.426+0000,2023-06-08T15:53:18.426+0000,2023-06-08T15:53:18.426+0000,STARTED,raw.raw_weather
,Gokarna Adhikari,2023-06-08T10:47:05.811+0000,2023-06-08T10:47:05.811+0000,42615847-28eb-4f96-9ee0-a5f799475cea,RAW,2023-06-08T10:47:05.811+0000,2023-06-08T10:47:05.811+0000,2023-06-08T10:47:05.811+0000,COMPLETED,raw.raw_weather
,Gokarna Adhikari,2023-06-08T12:49:31.457+0000,2023-06-08T12:49:31.457+0000,22d6c758-781f-4c11-9a6d-1f07fe97ae8b,CLEAN,2023-06-08T12:49:31.457+0000,2023-06-08T12:49:31.457+0000,2023-06-08T12:49:31.457+0000,STARTED,raw.raw_weather
,Gokarna Adhikari,2023-06-08T13:50:40.998+0000,2023-06-08T13:50:40.998+0000,029c173f-bf41-48f2-ac59-27cd70635cdc,RAW,2023-06-08T13:50:40.998+0000,2023-06-08T13:50:40.998+0000,2023-06-08T13:50:40.998+0000,COMPLETED,raw.raw_weather
,Gokarna Adhikari,2023-06-08T16:37:48.059+0000,2023-06-08T16:37:48.059+0000,07b8fbf9-d8e8-448d-a18a-fb2d9efc40a8,FACT,2023-06-08T16:37:48.059+0000,2023-06-08T16:37:48.059+0000,2023-06-08T16:37:48.059+0000,STARTED,fact_daily_table
,Gokarna Adhikari,2023-06-08T14:52:06.724+0000,2023-06-08T14:52:06.724+0000,61e8e8a5-b167-4cd6-948c-773ff24c68e5,CLEAN,2023-06-08T14:52:06.724+0000,2023-06-08T14:52:06.724+0000,2023-06-08T14:52:06.724+0000,STARTED,raw.raw_weather
,Gokarna Adhikari,2023-06-08T16:42:00.621+0000,2023-06-08T16:42:00.621+0000,13e63056-aa14-48eb-b18e-504bf732c23c,FACT,2023-06-08T16:42:00.621+0000,2023-06-08T16:42:00.621+0000,2023-06-08T16:42:00.621+0000,STARTED,fact_daily_table
,Gokarna Adhikari,2023-06-08T15:21:37.621+0000,2023-06-08T15:21:37.621+0000,dc3d2e33-6a2e-4c2c-a819-6b6e4188a536,FACT,2023-06-08T15:21:37.621+0000,2023-06-08T15:21:37.621+0000,2023-06-08T15:21:37.621+0000,STARTED,fact_daily_table
,Gokarna Adhikari,2023-06-08T14:51:06.562+0000,2023-06-08T14:51:06.562+0000,13ab77d9-2f56-473c-b576-8771c5a48635,RAW,2023-06-08T14:51:06.562+0000,2023-06-08T14:51:06.562+0000,2023-06-08T14:51:06.562+0000,STARTED,raw.raw_weather
,Gokarna Adhikari,2023-06-08T11:47:21.257+0000,2023-06-08T11:47:21.257+0000,bcfac20b-74c3-4ec9-aa9f-4c700de48d95,RAW,2023-06-08T11:47:21.257+0000,2023-06-08T11:47:21.257+0000,2023-06-08T11:47:21.257+0000,STARTED,raw.raw_weather
,Gokarna Adhikari,2023-06-08T16:53:35.530+0000,2023-06-08T16:53:35.530+0000,c1e2002f-1625-4453-adce-0a55b11fb19c,RAW,2023-06-08T16:53:35.530+0000,2023-06-08T16:53:35.530+0000,2023-06-08T16:53:35.530+0000,STARTED,raw.raw_weather
,Gokarna Adhikari,2023-06-08T12:48:37.460+0000,2023-06-08T12:48:37.460+0000,a6acb625-360a-47fb-a005-4fdd020ba4cc,RAW,2023-06-08T12:48:37.460+0000,2023-06-08T12:48:37.460+0000,2023-06-08T12:48:37.460+0000,STARTED,raw.raw_weather
,Gokarna Adhikari,2023-06-08T10:46:15.065+0000,2023-06-08T10:46:15.065+0000,44c1bef7-b639-44e2-adad-9a50ccb9cab0,RAW,2023-06-08T10:46:15.065+0000,2023-06-08T10:46:15.065+0000,2023-06-08T10:46:15.065+0000,STARTED,raw.raw_weather
,Gokarna Adhikari,2023-06-08T15:52:24.998+0000,2023-06-08T15:52:24.998+0000,f159e093-0337-4331-bee3-cee36f2c74d3,RAW,2023-06-08T15:52:24.998+0000,2023-06-08T15:52:24.998+0000,2023-06-08T15:52:24.998+0000,STARTED,raw.raw_weather
,Gokarna Adhikari,2023-06-08T13:49:47.411+0000,2023-06-08T13:49:47.411+0000,0455f39a-6905-49fb-9754-ba475ea49640,RAW,2023-06-08T13:49:47.411+0000,2023-06-08T13:49:47.411+0000,2023-06-08T13:49:47.411+0000,STARTED,raw.raw_weather
